id	type	tick	progress	x	scale	targetX	targetScale
5f1ed3eb-d345-4b9a-962c-aead1a59e9d0	BlockDisplay	77	0.0	-0.72735775	1.4547155	-0.72735775	1.4547155
0dac4855-634b-4fb9-bed6-f9f35d46b054	BlockDisplay	77	0.0	-0.0052898745	0.010579749	-0.0052898745	0.010579749
5515fd80-2370-49f0-beda-94e36ce7b790	BlockDisplay	77	0.0	-0.0052898745	0.010579749	-0.0052898745	0.010579749
09f7ffd5-d40a-47cc-a430-3fb008dfcf99	TextDisplay	77	0.0	0.0	0.26449373	0.0	0.26449373
c829e44f-1a0f-4228-b047-eab045aa9c49	BlockDisplay	55	0.0	-0.72735775	1.4547155	-0.72735775	1.4547155
3212e4c1-eba3-4375-8ec5-0990713c469f	BlockDisplay	55	0.0	-0.0052898745	0.010579749	-0.0052898745	0.010579749
9ae11001-da09-4f5c-b7c4-2c053ad3bf4c	BlockDisplay	55	0.0	-0.0052898745	0.010579749	-0.0052898745	0.010579749
4436b3bd-e518-4232-b0df-8d74060ed9f2	TextDisplay	55	0.0	0.0	0.26449373	0.0	0.26449373
e30b91eb-a7fc-4f24-afbe-51cba3d627bb	BlockDisplay	39	0.0	-0.72735775	1.4547155	-0.72735775	1.4547155
0661b061-612f-45be-a44b-4d8d52e14a48	BlockDisplay	39	0.0	-0.0052898745	0.010579749	-0.0052898745	0.010579749
0e8d8d7b-5c07-4ca5-9133-8bfd7ba70a58	BlockDisplay	39	0.0	-0.0052898745	0.010579749	-0.0052898745	0.010579749
00f5e981-317e-4c75-a060-2b2e8d387ed7	TextDisplay	39	0.0	0.0	0.26449373	0.0	0.26449373
7c06d4ba-4afa-43d7-9e8b-1eaf0aa581de	ItemDisplay	27	0.39000207	-0.56354654	0.10971669	-0.6832754	0.0
351cc0e7-5a40-48f7-ab75-859f8b928cfb	BlockDisplay	27	0.39000207	-0.61932653	0.11155992	-0.6832754	0.0
ff481143-0806-409e-b948-302510968dad	ItemDisplay	25	1.0	-0.6832754	0.0	-0.6832754	0.0
16dc4815-bfbd-461f-878b-53f5b1a6f620	BlockDisplay	25	1.0	-0.6832754	0.0	-0.6832754	0.0
1d3dfa8f-b9f9-41d8-aa9e-bfc7d6bd289a	BlockDisplay	23	0.0	-0.72735775	1.4547155	-0.72735775	1.4547155
9bf9cc8b-ea85-463c-9d0e-801409bf68b3	BlockDisplay	23	0.0	-0.0052898745	0.010579749	-0.0052898745	0.010579749
92dc9fb5-7c0d-4d06-ba00-59802aa2fd76	BlockDisplay	23	0.0	-0.0052898745	0.010579749	-0.0052898745	0.010579749
9f459e60-39b7-478e-86b9-6a27f22e9468	TextDisplay	23	0.0	0.0	0.26449373	0.0	0.26449373
631e6370-f3d6-4f2e-8846-7daa3815b0c1	ItemDisplay	23	0.2800021	-0.6326353	0.043495733	-0.6832754	0.0
b0a9b5ca-78cc-494d-90f5-0167a8b69189	BlockDisplay	23	0.2800021	-0.6547485	0.04422646	-0.6832754	0.0
84c93f22-e166-477b-9e4c-d0f16f1eba0f	ItemDisplay	21	0.2800021	-0.376898	0.19610144	-0.47272372	0.18348603
313b63ba-4811-4126-9cb6-8db43bc278fb	BlockDisplay	21	0.2800021	-0.47659597	0.19939595	-0.56600803	0.18656859
818749fc-e859-48fe-96ea-92952d214969	ItemDisplay	20	1.0	-0.6832754	0.0	-0.6832754	0.0
7f1bfb4c-5458-4483-980e-a587aaf27034	BlockDisplay	20	1.0	-0.6832754	0.0	-0.6832754	0.0
5d1a8957-5565-4c3e-97ff-87d0fef78b37	ItemDisplay	19	0.2800021	-0.103592664	0.21776652	-0.19941357	0.21384062
1a431b4e-65b8-42cc-a609-f8de5f0ae31e	BlockDisplay	19	0.2800021	-0.21430516	0.221425	-0.30813015	0.21743314
71d44d50-d6e7-4931-a292-b8c673df7e94	ItemDisplay	18	1.0	-0.6832754	0.0	-0.6832754	0.0
055931d7-a3d2-49b8-9984-d561401ccb87	BlockDisplay	18	1.0	-0.6832754	0.0	-0.6832754	0.0
5043fc7e-97a3-4221-83f7-4dfab27194f3	ItemDisplay	18	1.0	-0.6832754	0.0	-0.6832754	0.0
0696a3dc-dc5a-488d-8dbc-8c0bc5ff131d	BlockDisplay	18	1.0	-0.6832754	0.0	-0.6832754	0.0
b42eae7d-4411-4b7c-aa08-e67056dc0bec	ItemDisplay	17	0.2800021	0.16963314	0.21473406	0.07389662	0.21950912
c3005cec-f18b-47fc-92a5-56a45c59ead9	BlockDisplay	17	0.2800021	0.060462326	0.21834162	-0.037701827	0.22319688
66363776-5315-4d5a-aba2-dc12fa3da63e	ItemDisplay	16	1.0	-0.6832754	0.0	-0.6832754	0.0
9316cdb6-f694-4566-87ce-5e3b73a04806	BlockDisplay	16	1.0	-0.6832754	0.0	-0.6832754	0.0
eeef7a70-415b-4a8e-afc7-dc0a31823bba	ItemDisplay	16	0.7800021	-0.65622985	0.019012101	-0.6832754	0.0
e81eb789-f21a-4eaa-88bb-fd3da961b80a	BlockDisplay	16	0.7800021	-0.6658956	0.0193315	-0.6832754	0.0
28083cd1-6091-458a-8280-8d0e08d3e436	ItemDisplay	16	1.0	-0.6832754	0.0	-0.6832754	0.0
d5aa15b2-d144-4172-b314-0f8ffb3f4ba0	BlockDisplay	16	1.0	-0.6832754	0.0	-0.6832754	0.0
2e46cf47-3efd-42c5-abb6-c95ea591769c	ItemDisplay	16	1.0	-0.6832754	0.0	-0.6832754	0.0
94760291-0fbb-4eff-b59a-1d779174bc8a	BlockDisplay	16	1.0	-0.6832754	0.0	-0.6832754	0.0
133cbf04-7f7c-42e8-8c8d-6563ac48a327	ItemDisplay	16	1.0	-0.6832754	0.0	-0.6832754	0.0
cce39946-b758-4406-8add-a79bcf705f1f	BlockDisplay	16	1.0	-0.6832754	0.0	-0.6832754	0.0
5b6ffdda-089c-4959-bb80-ff00cd16259e	ItemDisplay	15	0.2800021	0.44202125	0.18355933	0.3472068	0.20049153
a2a037c8-089f-4bdb-85b3-e21fd4f340e8	BlockDisplay	15	0.2800021	0.3486997	0.18664314	0.2452769	0.2038598
806a9ce9-bea3-4360-a9c0-a9ace6d97a7b	ItemDisplay	14	0.7800021	-0.5961021	0.044902682	-0.6832754	0.0
5fd15cba-b582-41c1-9f7d-e007943a28c1	BlockDisplay	14	0.7800021	-0.6189307	0.045657054	-0.6832754	0.0
69d9e649-1c20-4c69-9e54-4620f5835a60	ItemDisplay	14	1.0	-0.6832754	0.0	-0.6832754	0.0
e84a5344-f239-4d57-a02e-dcbfdc9c5e72	BlockDisplay	14	1.0	-0.6832754	0.0	-0.6832754	0.0
f9132fc1-d89d-4b04-9df1-50a324039320	ItemDisplay	14	0.7800021	-0.6337034	0.03787385	-0.6832754	0.0
b7b357f6-d29e-4cda-a997-97e9c5dc4131	BlockDisplay	14	0.7800021	-0.65295845	0.03851013	-0.6832754	0.0
45d56e42-acd2-42e7-aee7-81b511c61ce3	ItemDisplay	14	0.7800021	-0.62242305	0.04159884	-0.6832754	0.0
f1402d6f-dd05-44cd-8fb9-1c0ae96b7ffe	BlockDisplay	14	0.7800021	-0.6435719	0.042297706	-0.6832754	0.0
48a536b2-164d-49c2-ae04-65201d670343	ItemDisplay	13	0.2800021	0.6657029	0.015508762	0.62051696	0.055388022
beac51d2-5c78-465c-8acd-9e89e0f42c85	BlockDisplay	13	0.2800021	0.65781826	0.015769308	0.5923577	0.05631854
704a70a3-5423-47bb-8427-fdc6331d2224	ItemDisplay	12	0.7800021	-0.34095782	0.19556215	-0.43321246	0.18940067
d78b5e25-ccb8-48a3-b6ba-bc00efe6caec	BlockDisplay	12	0.7800021	-0.44038162	0.1988476	-0.52950376	0.19258262
744f19fe-57f0-4ee2-98bb-adaf82768c9e	ItemDisplay	12	0.7800021	-0.0677799	0.21183138	-0.15990227	0.21618651
f10771ee-6b81-4744-8d2d-4ae8a982e82e	BlockDisplay	12	0.7800021	-0.17547497	0.21539015	-0.26981148	0.21981844
5c5ff963-0cb1-4401-9db4-cf7d62e2bda0	ItemDisplay	12	0.7800021	-0.57363003	0.04618889	-0.6832754	0.0
3163f0e9-4d5c-411e-a8b0-b1906216c114	BlockDisplay	12	0.7800021	-0.5971125	0.046964854	-0.6832754	0.0
a6d6b0e0-fa65-4b12-b427-6d6aea86bc01	ItemDisplay	12	0.7800021	-0.3514755	0.18904841	-0.47537965	0.18306993
c69b8b6f-cce7-4bab-a1b6-ba8fdc7b1ec5	BlockDisplay	12	0.7800021	-0.44758776	0.19222444	-0.5684524	0.18614551
ca6559b9-ddbe-4132-9198-7e0d8d5fa65c	ItemDisplay	12	0.7800021	-0.5623311	0.046903417	-0.6832754	0.0
d9b5284f-ecd4-43cd-be54-0e1779641a6f	BlockDisplay	12	0.7800021	-0.58617675	0.047691405	-0.6832754	0.0
b9b2b6e5-9501-4d24-8507-9acf3a5c6791	ItemDisplay	12	0.7800021	-0.292592	0.19525813	-0.41437393	0.19203907
70e0bf48-f878-4647-809e-d066361199c4	BlockDisplay	12	0.7800021	-0.39186117	0.19853848	-0.5120066	0.19526535
9c450d71-f64e-4535-a012-077cd0922c77	ItemDisplay	10	0.7800021	0.2006472	0.20569839	0.1134079	0.21828625
372641cd-16b5-4173-9441-1df3affe6068	BlockDisplay	10	0.7800021	0.09607011	0.20915413	0.0024311685	0.22195347
d1da4ffe-e4d9-497b-b23d-948f8451b919	ItemDisplay	10	0.7800021	0.45196006	0.15264635	0.38671806	0.19569992
1fa18b42-ab61-4963-a90b-4d0e60723f43	BlockDisplay	10	0.7800021	0.37435466	0.15521081	0.28722423	0.19898768
1ce28266-efed-4cde-bb48-637c1bf61c74	ItemDisplay	10	0.7800021	-0.081531376	0.2068224	-0.20206948	0.21366441
b8e4bccf-351c-41f6-99a6-dcdaa30a4edb	BlockDisplay	10	0.7800021	-0.18667993	0.21029702	-0.31069648	0.21725398
c00bc3bf-42af-42f7-8d00-1bff55f04662	ItemDisplay	10	0.7800021	0.1851649	0.19055039	0.0712407	0.21957281
85e2fbd8-2fb4-4bae-8d30-40ba490fbf02	BlockDisplay	10	0.7800021	0.08828902	0.19375166	-0.04039013	0.22326165
544f12e3-4bdd-4dd3-8425-d538b89b6c51	ItemDisplay	10	0.7800021	-0.023182929	0.20834073	-0.14106378	0.21712336
1f4205cd-6443-48c3-9c74-6dad1b9c4a5f	BlockDisplay	10	0.7800021	-0.12910339	0.21184087	-0.25144932	0.22077103
269b02f2-63ab-4871-8e7f-1e2d0b20a7c3	ItemDisplay	10	0.7800021	0.24351338	0.17831796	0.1322464	0.21752156
4aabac9c-d2bf-4f9e-8139-eada18893cf0	BlockDisplay	10	0.7800021	0.15285647	0.18131372	0.02165844	0.22117594
97dde748-0c6d-44ff-9ecc-0abaa77c4fdd	ItemDisplay	9	0.0	0.6832754	0.0	0.6832754	0.0
cf8f9211-9f1c-4379-b526-32a23ca5e40f	BlockDisplay	9	0.0	0.6832754	0.0	0.6832754	0.0
ce2c3d0e-3549-4fa1-a285-29247e90a36d	ItemDisplay	8	0.7800021	0.6651426	0.015149945	0.6600283	0.019422954
c7868b7a-cc44-49a7-b367-0d7ce29bd8b0	BlockDisplay	8	0.7800021	0.65744036	0.015404466	0.65015364	0.019749261
ae553c7c-d2db-4deb-b674-bfbc9a9c7bea	ItemDisplay	8	0.7800021	0.41906956	0.15662062	0.34455088	0.20079513
9d71b8fc-b68c-4adf-a9b4-f13ab33a6ffa	BlockDisplay	8	0.7800021	0.33944362	0.15925185	0.24246664	0.20416848
42e5af89-d1df-4763-a74b-4e2e3b3b15e1	ItemDisplay	8	0.7800021	0.46665412	0.15072268	0.40555656	0.19323368
0ec2625b-31db-427c-9653-a54e399e8595	BlockDisplay	8	0.7800021	0.39002672	0.15325484	0.30731657	0.19648004
7a105194-0bb9-4a47-8955-65bb2e170015	BlockDisplay	8	0.0	-0.72735775	1.4547155	-0.72735775	1.4547155
8c98c5c7-efd7-4e2b-bed6-971dd3bceebd	BlockDisplay	8	0.0	-0.0052898745	0.010579749	-0.0052898745	0.010579749
b45efebf-7d05-404d-9763-b00cc93303db	BlockDisplay	8	0.0	-0.0052898745	0.010579749	-0.0052898745	0.010579749
32b70a78-081d-4a48-a9d3-eeb388935081	TextDisplay	8	0.0	0.0	0.26449373	0.0	0.26449373
9f34d18c-05c5-451b-adaa-47ff9d1708e0	ItemDisplay	8	0.0	-0.6832754	0.0	-0.6832754	0.0
2c7cecdb-e203-4dce-8c91-2982c3bd2471	BlockDisplay	8	0.0	-0.6832754	0.0	-0.6832754	0.0
75a7ef34-8f89-4e8e-9fbe-3c7791296298	ItemDisplay	8	1.0	-0.6832754	0.0	-0.6832754	0.0
76cc8d89-f459-4ecf-bc6c-b41b50233909	BlockDisplay	8	1.0	-0.6832754	0.0	-0.6832754	0.0
396892b5-22a3-436c-8212-d268046cebae	ItemDisplay	8	1.0	-0.6832754	0.0	-0.6832754	0.0
659e6dbd-9c7c-4993-bdaf-ea01fedd32ba	BlockDisplay	8	1.0	-0.6832754	0.0	-0.6832754	0.0
cec6e05c-6a5d-4d00-83de-1a550f24adfd	ItemDisplay	8	0.2800021	-0.5092891	0.135094	-0.6832754	0.0
339091ba-8b28-4d6d-9301-29fdf626b97a	BlockDisplay	8	0.2800021	-0.5779709	0.1373636	-0.6832754	0.0
0d3f897f-1a5b-4748-809e-23694a327736	ItemDisplay	8	0.2800021	-0.2478613	0.20717327	-0.45240182	0.18659255
e23ad707-e55f-43a6-a77d-97bb05e22252	BlockDisplay	8	0.2800021	-0.35318816	0.2106538	-0.54726547	0.18972732
ae36e8f6-f5df-4377-a9f4-abf37833ff5b	ItemDisplay	8	0.2800021	0.025448896	0.21718815	-0.17909168	0.21511161
ea2f58f1-34e0-49fb-b2cf-544ad1d17de1	BlockDisplay	8	0.2800021	-0.084969565	0.22083691	-0.28845444	0.2187255
e84b2fa1-cbc4-4a74-a218-61e47dae5f46	ItemDisplay	8	0.2800021	0.29824933	0.19951674	0.09421851	0.2189446
2ff2e505-5494-4d1d-97a2-46a14b72f6d7	BlockDisplay	8	0.2800021	0.19681501	0.20286863	-0.017092932	0.22262287
6d0fa0e1-7d92-4f5a-8dfd-b351fdc1d720	ItemDisplay	8	0.2800021	0.56447107	0.081638776	0.36752868	0.19809149
3edf7f96-2c14-4330-93b9-74156e9a807b	BlockDisplay	8	0.2800021	0.5229659	0.083010316	0.26681897	0.20141944
a742df18-cb53-41f6-a899-2ef8661fe4ea	ItemDisplay	8	0.2800021	0.6713931	0.010203555	0.64083886	0.036441
3722f83b-a475-464c-bf26-e8e2bd22d526	BlockDisplay	8	0.2800021	0.6662056	0.010374975	0.62231225	0.03705321
eac10c58-1736-4423-8095-6d331761d01e	ItemDisplay	7	0.0	0.6832754	0.0	0.6832754	0.0
281b7058-4c81-46cd-b4e8-1bb10b0fe06f	BlockDisplay	7	0.0	0.6832754	0.0	0.6832754	0.0
8b54a11a-dac0-4301-9c3f-572c140318ce	ItemDisplay	7	0.0	0.6832754	0.0	0.6832754	0.0
8f75413a-ad07-48c0-87b7-600683a7f42f	BlockDisplay	7	0.0	0.6832754	0.0	0.6832754	0.0
cdcc6619-84db-4972-9efe-cc182e339b79	ItemDisplay	6	0.0	0.6832754	0.0	0.6832754	0.0
55dd98f7-0a5f-4d27-a992-89fa3c6cc13b	BlockDisplay	6	0.0	0.6832754	0.0	0.6832754	0.0
fdd0fea9-5203-4eb2-a08a-33005d0b370b	ItemDisplay	6	0.7800021	0.6322521	0.04518717	0.6178611	0.057932116
dd0ab586-32d9-41dc-b379-06ef5944509c	BlockDisplay	6	0.7800021	0.6092789	0.04594632	0.58840835	0.058905378
7aad1ff9-380c-4bd3-b75d-1b987b1dd310	ItemDisplay	6	0.0	0.6832754	0.0	0.6832754	0.0
a780c6ba-5dd1-4b51-b911-2c266198b3c0	BlockDisplay	6	0.0	0.6832754	0.0	0.6832754	0.0
103baa3f-1bda-4efc-a13b-89b5da027f3c	ItemDisplay	6	0.7800021	0.6798367	0.0027924082	0.6788668	0.0035800007
5767b771-2745-4e10-a7e3-012c1447ac90	BlockDisplay	6	0.7800021	0.678417	0.0028393206	0.6770467	0.0036401448
0def53a3-2920-473a-8f0b-ca43950160c9	ItemDisplay	6	0.0	0.6832754	0.0	0.6832754	0.0
d65233be-b12e-49c7-a74b-d3e75a9d66b7	BlockDisplay	6	0.0	0.6832754	0.0	0.6832754	0.0
f9bee8a9-3089-43fc-807e-09162364c4d3	ItemDisplay	5	0.0	0.6832754	0.0	0.6832754	0.0
7f378a8f-50ab-432d-8bd5-d8864e9ff672	BlockDisplay	5	0.0	0.6832754	0.0	0.6832754	0.0
fc9e80bd-761f-4755-953c-53699dbfdabe	ItemDisplay	4	0.0	0.6832754	0.0	0.6832754	0.0
4648a4d0-375d-4bde-8c12-fc9366062701	BlockDisplay	4	0.0	0.6832754	0.0	0.6832754	0.0
d7f95a45-ae94-4060-8309-ba41b52f1a8e	ItemDisplay	4	0.0	0.6832754	0.0	0.6832754	0.0
778e132d-4ed5-42d6-9cda-6ac7e6aa0114	BlockDisplay	4	0.0	0.6832754	0.0	0.6832754	0.0
b77fa501-0bfc-47d6-9f74-ee5bc55cd2c9	ItemDisplay	4	0.0	0.6832754	0.0	0.6832754	0.0
92d8ab2e-68c5-44bd-8d66-b73fc16cebc2	BlockDisplay	4	0.0	0.6832754	0.0	0.6832754	0.0
81d10dd3-2cca-492b-8668-b8208d0b6484	ItemDisplay	4	0.0	0.6832754	0.0	0.6832754	0.0
d4d4b0c7-f74c-4bb2-9173-54c36055dfda	BlockDisplay	4	0.0	0.6832754	0.0	0.6832754	0.0
2b978ee2-1dee-4dc9-868e-38dcd415e1e8	ItemDisplay	4	0.0	0.6832754	0.0	0.6832754	0.0
1f39c574-9618-4b06-a18c-3940ad360480	BlockDisplay	4	0.0	0.6832754	0.0	0.6832754	0.0
45a25418-ab95-478c-a741-a33ee8659cb3	ItemDisplay	4	0.0	0.6832754	0.0	0.6832754	0.0
295f94b1-52a8-41c1-a6c5-9e4b7bd8a5ab	BlockDisplay	4	0.0	0.6832754	0.0	0.6832754	0.0
3260604c-1dc7-4165-917a-066020322e1e	ItemDisplay	3	0.0	0.6832754	0.0	0.6832754	0.0
6ed2c57a-c2ea-4e8e-b2a7-5c8bda997f2a	BlockDisplay	3	0.0	0.6832754	0.0	0.6832754	0.0
45f684f7-c5b9-4c0d-8c65-6b70d8d70e24	ItemDisplay	2	0.0	0.6832754	0.0	0.6832754	0.0
22c9255b-4617-4572-a328-287f5c121004	BlockDisplay	2	0.0	0.6832754	0.0	0.6832754	0.0
97fe12ce-5ff9-4ede-b1ea-f4a73762705f	ItemDisplay	2	0.0	0.6832754	0.0	0.6832754	0.0
e2bbc88f-4b30-42ef-be2c-519bbc22613d	BlockDisplay	2	0.0	0.6832754	0.0	0.6832754	0.0
1117fc67-3ef2-4ea3-80ab-2a467848d165	ItemDisplay	2	0.0	0.6832754	0.0	0.6832754	0.0
eb47950e-aed5-41e6-9f32-c9c541df310f	BlockDisplay	2	0.0	0.6832754	0.0	0.6832754	0.0
116d22ce-eb4f-456c-8480-beb428c24ddc	ItemDisplay	2	0.0	0.6832754	0.0	0.6832754	0.0
8d43be67-dde4-49c1-b18f-2eb150007a0a	BlockDisplay	2	0.0	0.6832754	0.0	0.6832754	0.0
325e7234-21cd-439d-af32-5e1d369672e3	ItemDisplay	2	0.0	0.6832754	0.0	0.6832754	0.0
5892918b-35f4-497c-80a0-70202d6fba76	BlockDisplay	2	0.0	0.6832754	0.0	0.6832754	0.0
90d10927-2d43-407e-800c-ddd1e512be0c	ItemDisplay	1	0.0	0.6832754	0.0	0.6832754	0.0
73806f11-2cd8-4d6d-88b9-670387bc121e	BlockDisplay	1	0.0	0.6832754	0.0	0.6832754	0.0
78c84391-2d5a-45af-8eb9-8cad45b51148	ItemDisplay	1	0.0	0.6832754	0.0	0.6832754	0.0
4fe80336-b182-42eb-ba62-6d4e71d9a53f	BlockDisplay	1	0.0	0.6832754	0.0	0.6832754	0.0
